<?xml version="1.0" encoding="UTF-8" standalone="yes"?>
<persons>
    <person>
        <birthday>1999-01-21</birthday>
        <city>some city</city>
        <firstName>Altai</firstName>
        <lastName>Batbayar</lastName>
        <postalCode>1234</postalCode>
        <street>some street</street>
    </person>
    <person>
        <birthday>1999-03-21</birthday>
        <city>some city</city>
        <firstName>SerOd</firstName>
        <lastName>EnkhOd</lastName>
        <postalCode>1234</postalCode>
        <street>some street</street>
    </person>
    <person>
        <birthday>1999-07-21</birthday>
        <city>some city</city>
        <firstName>Ganbaatar</firstName>
        <lastName>Maral</lastName>
        <postalCode>1234</postalCode>
        <street>some street</street>
    </person>
    <person>
        <birthday>1999-05-21</birthday>
        <city>some city</city>
        <firstName>Urgaa</firstName>
        <lastName>Undral</lastName>
        <postalCode>1234</postalCode>
        <street>some street</street>
    </person>
    <person>
        <birthday>1999-06-21</birthday>
        <city>some city</city>
        <firstName>Werner</firstName>
        <lastName>Meyer</lastName>
        <postalCode>1234</postalCode>
        <street>some street</street>
    </person>
    <person>
        <birthday>1999-07-21</birthday>
        <city>some city</city>
        <firstName>Lydia</firstName>
        <lastName>Kunz</lastName>
        <postalCode>1234</postalCode>
        <street>some street</street>
    </person>
    <person>
        <birthday>1999-08-21</birthday>
        <city>some city</city>
        <firstName>Anna</firstName>
        <lastName>Best</lastName>
        <postalCode>1234</postalCode>
        <street>some street</street>
    </person>
    <person>
        <birthday>1999-01-21</birthday>
        <city>some city</city>
        <firstName>Stefan</firstName>
        <lastName>Otgoo</lastName>
        <postalCode>1234</postalCode>
        <street>some street</street>
    </person>
    <person>
        <birthday>1999-12-21</birthday>
        <city>some city</city>
        <firstName>Martin</firstName>
        <lastName>Mueller</lastName>
        <postalCode>1234</postalCode>
        <street>some street</street>
    </person>
    <person>
        <birthday>2001-04-21</birthday>
        <city>Улаанбаатар</city>
        <firstName>enkherdene</firstName>
        <lastName>altankhuyag</lastName>
        <postalCode>1234</postalCode>
        <street>21-р гудамж</street>
    </person>
    <person>
        <birthday>1999-04-21</birthday>
        <city>some city</city>
        <firstName>Enkh-Amgalan</firstName>
        <lastName>Altangerl</lastName>
        <postalCode>1234</postalCode>
        <street>some street</street>
    </person>
    <person>
        <birthday>1999-02-21</birthday>
        <city>some city</city>
        <firstName>Maral</firstName>
        <lastName>Huyag</lastName>
        <postalCode>1234</postalCode>
        <street>some street</street>
    </person>
    <person>
        <birthday>1999-09-21</birthday>
        <city>some city</city>
        <firstName>Nandia</firstName>
        <lastName>Huyag</lastName>
        <postalCode>1234</postalCode>
        <street>some street</street>
    </person>
    <person>
        <birthday>1999-10-21</birthday>
        <city>some city</city>
        <firstName>Hash-Erdene</firstName>
        <lastName>Bulgantamir</lastName>
        <postalCode>1234</postalCode>
        <street>some street</street>
    </person>
    <person>
        <birthday>1999-11-21</birthday>
        <city>some city</city>
        <firstName>EnkhOd</firstName>
        <lastName>Purew</lastName>
        <postalCode>1234</postalCode>
        <street>some street</street>
    </person>
</persons>
